rowid,type,name_pfx,name_first,name_last,role,description,headshot_url,headshot
1,_keynote,NA,Jack,Dorsey,"Co-Founder, CEO and Chairman of Square","Jack Dorsey is the CEO and Chairman of Square, the CEO of Twitter, and a co-founder of both. NA",https://assets-global.website-files.com/5eed34ac5a3c8e7fe48968bc/5f982f84ca231afd8b81678c_jack_dorsey.jpg,=IMAGE(H2)
2,_keynote,NA,Tony,Hawk,"Skateboarding Legend, Entrepreneur, Philanthropist","Tony Hawk is a skateboarding legend, entrepreneur, philanthropist and pioneer in taking countercultural movements mainstream.. Starting his professional skateboarding career at age 14, Hawk quickly rose to the top of the sport and helped to dramatically expand its popularity around the world by launching a national exhibition, skateboard and apparel company and eponymous video game series.",https://assets-global.website-files.com/5eed34ac5a3c8e7fe48968bc/5eed34ad5a3c8e25cc897009_TH-headshot.png,=IMAGE(H3)
3,_keynote,Senator,Cynthia,Lummis,"United States Senator, State of Wyoming",". Cynthia Lummis is the junior senator from Wyoming, and the first female Senator ever elected to represent the Equality State. Born and raised on a ranch outside of Cheyenne, Senator Lummis has dedicated her career to defending Wyoming’s agriculture, mineral and energy resources as well as championing financial innovation. She began her career in the Wyoming State House and Senate, then went on to serve as State Treasurer, and as the at-large member of the U.S. House of Representatives from 2008 to 2016. Now in the U.S. Senate, Senator Lummis serves on the Banking, Housing, and Urban Affairs Committee, the Commerce, Science, and Transportation Committee, and the Environment and Public Works Committee. She is the founder of the U.S. Senate Financial Innovation Caucus, a bipartisan group committed to promoting responsible innovation in the U.S. financial system, and harnessing technology to make markets more inclusive, vibrant and safe for all Americans. Senator Lummis and her late husband have one daughter, son-in-law and two grandsons, affectionately called Gus and Al.",https://assets-global.website-files.com/5eed34ac5a3c8e7fe48968bc/6052281cfad73a44843bfc7e_Screen%20Shot%202021-03-17%20at%2011.02.32%20AM.png,=IMAGE(H4)
4,_keynote,NA,Ron,Paul,Former Congressman,. NA,https://assets-global.website-files.com/5eed34ac5a3c8e7fe48968bc/60ad7668b889e21b53a757c9_paul_ron_900%20(1).jpg,=IMAGE(H5)
5,_keynote,NA,Michael,Saylor,"Chairman & CEO, MicroStrategy",". Mr. Saylor is a technologist, entrepreneur, business executive, philanthropist, and best-selling author. He currently serves as Chairman of the Board of Directors and Chief Executive Office of MicroStrategy, Inc. (MSTR). Since co-founding the company at the age of 24, Mr. Saylor has built MicroStrategy into a global leader in business intelligence, mobile software, and cloud-based services. In 2012, he authored The Mobile Wave: How Mobile Intelligence Will Change Everything, which earned a spot on The New York Times Best Sellers list. Mr. Saylor attended the Massachusetts Institute of Technology, receiving an S.B. in Aeronautics and Astronautics and an S.B. in Science, Technology, and Society.",https://assets-global.website-files.com/5eed34ac5a3c8e7fe48968bc/603427cbf52b8597df5d4411_Office%20Portrait_MJS.jpg,=IMAGE(H6)
6,_keynote,NA,Nick,Szabo,"Cryptographer, Legal Scholar, Computer Scientist","Nick Szabo is a legal scholar, computer scientist and pioneering cryptographer whose impact on Bitcoin is undeniable.. As one of the first to frequent the in-person ""cypherpunk"" meetings organized by Timothy May, Eric Hughes and others in the 1990s, Szabo poured himself into the topic of digital privacy, though his interests were much more wide ranging.

Beginning in the early 1990s, he developed the concept for ""smart contracts"" that became ubiquitous in the blockchain technology space. His proposal for a decentralized digital currency, bit gold, has been seen as laying critical groundwork for Bitcoin, including through its use of cryptographic puzzles.

His writing on countless complex subjects has been referenced by academics and historians alike, and much of it is hosted on his blog (unenumerated.blogspot.com). His 2002 essay ""Shelling Out: The Origins of Money,"" in which he describes how using money has been embedded in the very DNA of humanity, has shaped the way many understand Bitcoin today.",https://assets-global.website-files.com/5eed34ac5a3c8e7fe48968bc/5eed34ad5a3c8e4f14896ff6_Nick-Szabo.jpg,=IMAGE(H7)
7,featured,NA,BLOND:ISH,,Musical Artist,NA,https://assets-global.website-files.com/5eed34ac5a3c8e7fe48968bc/60949cf887fb0d060500d732_6E770254-9F94-4913-8D9C-21E1A061E2C6.jpeg,=IMAGE(H8)
8,featured,NA,BTC Lerk,,Bitcoiner,NA,https://assets-global.website-files.com/5eed34ac5a3c8e7fe48968bc/60934f140525d3f7e4500d8d_987D8B19-89C8-4C99-BC3F-53FAB72D05C5.png,=IMAGE(H9)
9,featured,NA,Commissioner Danielle Cohen Higgins,,"County Commissioner, Miami Dade County",NA,https://assets-global.website-files.com/5eed34ac5a3c8e7fe48968bc/60a6bb95d0da3efd89595d79_461E63EA-59A8-499A-B121-B54E8F231065.jpeg,=IMAGE(H10)
10,featured,NA,Dr Bitcoin MD,,Bitcoiner,NA,https://assets-global.website-files.com/5eed34ac5a3c8e7fe48968bc/60906b6000f4fa0b353890b4_9E9319CA-EC31-498C-AC11-5FBEC81A53AA.png,=IMAGE(H11)
11,featured,NA,Floyd Mayweather Jr,,Boxing Legend & Entrepreneur,NA,https://assets-global.website-files.com/5eed34ac5a3c8e7fe48968bc/60aa7282c23da3152eaff1c0_EBC4B07D-F628-460D-9BFE-E3F24C1E2EA3.jpeg,=IMAGE(H12)
12,featured,NA,Heavily Armed Clown,,"Co-Creator, WTF Happened in 1971",NA,https://assets-global.website-files.com/5eed34ac5a3c8e7fe48968bc/6090670fecd41277e32d7e31_F69AC3BA-311E-4158-A972-E08555859541.png,=IMAGE(H13)
13,featured,NA,Molly,,"CMO, HashKey Hub",NA,https://assets-global.website-files.com/5eed34ac5a3c8e7fe48968bc/5fb82d979b17831a5970fa06_Image%20from%20iOS%20(4)%20(1).jpg,=IMAGE(H14)
14,featured,NA,Money Man,,"Rapper, Musical Artist",NA,https://assets-global.website-files.com/5eed34ac5a3c8e7fe48968bc/6080f76792653f60a2faaa74_020EC3E7-87DD-49DD-B19A-6AE21EC23408.jpeg,=IMAGE(H15)
15,featured,NA,NVK,,"Co-Founder & CEO, Coinkite",NA,https://assets-global.website-files.com/5eed34ac5a3c8e7fe48968bc/5eed34ad5a3c8ef7fb897001_nvk.jpeg,=IMAGE(H16)
16,featured,NA,Yu-Chi Lyra Kuo,,Investor/CIO; Advisor; Lecturer at Harvard & Princeton,NA,https://assets-global.website-files.com/5eed34ac5a3c8e7fe48968bc/60a6ba6a4c96233dc4355397_B3F421F4-6DB1-432F-9DE1-B04F29C6E4C8.jpeg,=IMAGE(H17)
17,featured,NA,wiz,@wiz,Bitcoiner,NA,https://assets-global.website-files.com/5eed34ac5a3c8e7fe48968bc/5eed34ad5a3c8e460b89700c_wiz.jpg,=IMAGE(H18)
18,featured,NA,Sam,Abbassi,Bitcoiner,NA,https://assets-global.website-files.com/5eed34ac5a3c8e7fe48968bc/60a7e0be91a1bf70bd9ec53c_1200349467148817.46RgXgSuCZcefWyswKsR_height640.png,=IMAGE(H19)
19,featured,NA,David,Abner,"Global Head of Business Development, Gemini",NA,https://assets-global.website-files.com/5eed34ac5a3c8e7fe48968bc/60936cf8fc478a71640f0ab5_44312654-3A87-46A3-A99B-4A1B54EA8EF3.jpeg,=IMAGE(H20)
20,featured,NA,Alex,Adelman,"CEO & Co-Founder, Lolli",NA,https://assets-global.website-files.com/5eed34ac5a3c8e7fe48968bc/6064e745c94283949ccb04c3_9B28CB46-2BBF-4A01-AA68-25AA37D2CC2B.jpeg,=IMAGE(H21)
21,featured,NA,Matt,Ahlborg,"Data Scientist, Bitrefill",NA,https://assets-global.website-files.com/5eed34ac5a3c8e7fe48968bc/60a6bb12e37f5243473499d3_BA370010-177A-4937-8530-125B00304E51.png,=IMAGE(H22)
22,featured,NA,Lyn,Alden,"Founder, Lyn Alden Investment Strategy",NA,https://assets-global.website-files.com/5eed34ac5a3c8e7fe48968bc/609b518cd6d3a13dc4049d08_BB84037B-45DE-425C-9382-343935FBA8B5.jpeg,=IMAGE(H23)
23,featured,NA,Saifedean,Ammous,"Author, The Bitcoin Standard",NA,https://assets-global.website-files.com/5eed34ac5a3c8e7fe48968bc/607f3c6e828eee3e07ca8bce_13D741AC-B95B-472C-B7B2-B2A627C830CF.jpeg,=IMAGE(H24)
24,featured,NA,Yuriy,Anosov,"Head of Trading, Anchorage",NA,https://assets-global.website-files.com/5eed34ac5a3c8e7fe48968bc/60934d4fac5c341378ae6fa3_02B1C169-EB41-4D4A-82DC-F3173D3FB966.png,=IMAGE(H25)
25,featured,NA,Brandon,Arvanaghi,Bitcoin Mining Engineer,NA,https://assets-global.website-files.com/5eed34ac5a3c8e7fe48968bc/606f325d7fcb1446ce6b077b_77B7807A-C785-41B8-80F9-1636E964E278.jpeg,=IMAGE(H26)
26,featured,NA,David,Bailey,CEO of BTC Inc,NA,https://assets-global.website-files.com/5eed34ac5a3c8e7fe48968bc/5eed34ac5a3c8e4e838968c8_5acfe57ee5ca67548d56cc0c_david-3.jpg,=IMAGE(H27)
27,featured,NA,Teana,Baker-Taylor,"General Manager, U.K., Crypto.com",NA,https://assets-global.website-files.com/5eed34ac5a3c8e7fe48968bc/6054f55362c73637db2d4855_176845FC-AE79-42D1-8E66-72CCBC9338DC.jpeg,=IMAGE(H28)
28,featured,NA,Sam,Bankman-Fried,"CEO, FTX",NA,https://assets-global.website-files.com/5eed34ac5a3c8e7fe48968bc/5eed34ad5a3c8e8105897161_SamBankmanFried.jpg,=IMAGE(H29)
29,featured,NA,Dhruv,Bansal,"Co-Founder & CSO, Unchained Capital",NA,https://assets-global.website-files.com/5eed34ac5a3c8e7fe48968bc/6088803ebeeb5b5b629e270e_AF512D19-C4E5-4B60-8D93-FCDF8FE42C7A.jpeg,=IMAGE(H30)
30,featured,NA,Steve,Barbour,"CEO & CTO, Upstream Data",NA,https://assets-global.website-files.com/5eed34ac5a3c8e7fe48968bc/60770b059bb8307a8bd3d5b7_65C767E2-84E2-41DF-9A4D-84ADDF50A671.jpeg,=IMAGE(H31)
31,featured,NA,Philippe,Bekhazi,"CEO, XBTO",NA,https://assets-global.website-files.com/5eed34ac5a3c8e7fe48968bc/60a5674bdb2c6565fef65836_C6F15BA0-EFE6-4C65-8FB5-75C29429E22C.jpeg,=IMAGE(H32)
32,featured,NA,Mike,Belshe,"Co-Founder & CEO, BitGo",NA,https://assets-global.website-files.com/5eed34ac5a3c8e7fe48968bc/6054e9c0a2bd4e0ae7295ef4_Mike%20Belshe.jpg,=IMAGE(H33)
33,featured,NA,Marty,Bent,"Co-Host, Tales From The Crypt",NA,https://assets-global.website-files.com/5eed34ac5a3c8e7fe48968bc/5eed34ad5a3c8e7558897027_MartyBent.jpeg,=IMAGE(H34)
34,featured,NA,Adam,Bergman,"Founder & CEO, IRA Financial",NA,https://assets-global.website-files.com/5eed34ac5a3c8e7fe48968bc/608c692ed681be525d1f2e07_F1CCF35D-115D-4431-ACDB-1C1037A0F66E.jpeg,=IMAGE(H35)
35,featured,NA,Erik,Bethel,"Former Executive Director, World Bank",NA,https://assets-global.website-files.com/5eed34ac5a3c8e7fe48968bc/6080ed62b0a6b71a6e0036ed_BA1708A9-F65B-4176-8B83-1F84304983B7.jpeg,=IMAGE(H36)
36,featured,NA,Ria,Bhutoria,"Principal, Castle Island Ventures",NA,https://assets-global.website-files.com/5eed34ac5a3c8e7fe48968bc/606b3de300bc4d27e9ae5cf5_9DE60E7C-3714-4706-8F58-32D733A78A27.jpeg,=IMAGE(H37)
37,featured,NA,Joel,Birch,"Co-Founder & CEO, Stacked Invest",NA,https://assets-global.website-files.com/5eed34ac5a3c8e7fe48968bc/608c684eec03b3227064b4a6_F5051C9F-A9EB-47B4-9A10-44AFF61C0168.jpeg,=IMAGE(H38)
38,featured,NA,Bryan,Bishop,"Co-Founder & CTO, Avanti Bank & Trust",NA,https://assets-global.website-files.com/5eed34ac5a3c8e7fe48968bc/605272dc7a0f54a6f097f3ab_93480720-E224-412A-B7F3-33C0550C3275.png,=IMAGE(H39)
39,featured,NA,Jeff,Booth,"Author, The Price of Tomorrow",NA,https://assets-global.website-files.com/5eed34ac5a3c8e7fe48968bc/607f3d670aced8b2875c57e0_1E0235F8-4795-4205-924B-E8173C2CA7B5.jpeg,=IMAGE(H40)
40,featured,NA,Perianne,Boring,"President & Founder, Chamber of Digital Commerce",NA,https://assets-global.website-files.com/5eed34ac5a3c8e7fe48968bc/603e7e325c604c693909fb1d_Boring%2C%20Perianne%20headshot.jpg,=IMAGE(H41)
41,featured,NA,Vijay,Boyapati,"Author, The Bullish Case for Bitcoin",NA,https://assets-global.website-files.com/5eed34ac5a3c8e7fe48968bc/60934e074e5f1822a41c2509_849BF05A-DA83-4976-839A-3D548DFC9BFC.jpeg,=IMAGE(H42)
42,featured,NA,Robert,Breedlove,"Founder, CEO, and CIO of Parallax Digital",NA,https://assets-global.website-files.com/5eed34ac5a3c8e7fe48968bc/5f628046d01e8ddc1ee51ffd_IMG_0771.jpg,=IMAGE(H43)
43,featured,NA,Randy,Brito,"Founder, BitcoinVenezuela & Locha Mesh",NA,https://assets-global.website-files.com/5eed34ac5a3c8e7fe48968bc/6053870f2031e61c4fa735bf_AABEC8FD-7427-4DAA-A00B-B5D663A6E96A.jpeg,=IMAGE(H44)
44,featured,NA,Brian,Brooks,"CEO, Binance US",NA,https://assets-global.website-files.com/5eed34ac5a3c8e7fe48968bc/60936fb48922a1f0a9a42d8a_28350821-CE28-4F83-904B-6FE5FF33024C.jpeg,=IMAGE(H45)
45,featured,NA,Daniel,Buchner,"Decentralized Identity, Microsoft",NA,https://assets-global.website-files.com/5eed34ac5a3c8e7fe48968bc/6065f570253af6e0a76a57b6_9D2C0717-BFF9-4BC2-95B3-09443BF7A796.jpeg,=IMAGE(H46)
46,featured,NA,The Hon. E. David,Burt,Premier of Bermuda,NA,https://assets-global.website-files.com/5eed34ac5a3c8e7fe48968bc/60aeb4fd83278272ee09aa8c_Premier%20portrait%20photo.jpg,=IMAGE(H47)
47,featured,NA,Noah,Buxton,"Managing Director, Blockchain & Digital Assets, ArmaninoLLP",NA,https://assets-global.website-files.com/5eed34ac5a3c8e7fe48968bc/60770efaad8c242acfc39658_E53B3144-2212-4387-BA3F-3A2FD749E251.jpeg,=IMAGE(H48)
48,featured,NA,Olaf,Carlson-Wee,"Founder & CEO, Polychain Capital",NA,https://assets-global.website-files.com/5eed34ac5a3c8e7fe48968bc/6005ced9b8d8694c473ea0c4_Screen%20Shot%202021-01-18%20at%2012.09.22%20PM.png,=IMAGE(H49)
49,featured,NA,Greg,Carson,"Head of Corporate Development & Venture Capital, XBTO Group",NA,https://assets-global.website-files.com/5eed34ac5a3c8e7fe48968bc/609b06cee955747a9ac1604a_C8BA32A1-FC09-4AD2-9BEA-7FB0F77FCF0C.jpeg,=IMAGE(H50)
50,featured,NA,Nic,Carter,"General Partner, Castle Island Ventures",NA,https://assets-global.website-files.com/5eed34ac5a3c8e7fe48968bc/6074924aa6106312e61f04bf_6C073AB7-6804-499A-933A-0D7B6788DF11.jpeg,=IMAGE(H51)
51,featured,NA,Charles,Cascarilla,CEO and co-founder of Paxos,NA,https://assets-global.website-files.com/5eed34ac5a3c8e7fe48968bc/60b0fed7447bd1aa6a0975e9_Charles%20Cascarilla.png,=IMAGE(H52)
52,featured,NA,Will,Cole,"Chief Product Officer, Unchained Capital",NA,https://assets-global.website-files.com/5eed34ac5a3c8e7fe48968bc/60538bece75965592bf6fd81_1917090C-27DE-41A3-A750-22D8935D3450.jpeg,=IMAGE(H53)
53,featured,NA,Mike,Colyer,"CEO, Foundry",NA,https://assets-global.website-files.com/5eed34ac5a3c8e7fe48968bc/6076033bfa7edb26a5387ed8_Foundry-Digital-15.jpg,=IMAGE(H54)
54,featured,NA,Ryan,Condron,"CEO, Titan",NA,https://assets-global.website-files.com/5eed34ac5a3c8e7fe48968bc/609b043915f956f04f7c024a_30762A7B-4F0F-4C3F-8116-303CB1C1EB66.jpeg,=IMAGE(H55)
55,featured,NA,Matt,Corallo,"Developer, Square Crypto",NA,https://assets-global.website-files.com/5eed34ac5a3c8e7fe48968bc/5eed34ac5a3c8e651e8968d8_Matt%20Corallo.jpg,=IMAGE(H56)
56,featured,NA,Leigh,Cuen,"Writer, Bitcoin Magazine",NA,https://assets-global.website-files.com/5eed34ac5a3c8e7fe48968bc/5eed34ad5a3c8ec7788970e5_LeighCuen.jpg,=IMAGE(H57)
57,featured,NA,Sean,Culkin,Football Tight End,NA,https://assets-global.website-files.com/5eed34ac5a3c8e7fe48968bc/60afd72066d982f336ebd9ae_image.png,=IMAGE(H58)
58,featured,NA,Alex,Daskalov,"CEO, Knox",NA,https://assets-global.website-files.com/5eed34ac5a3c8e7fe48968bc/607f4a9ca3509b02a1169415_27DDF7B1-0D0E-4216-A04A-2EFFFF79269C.jpeg,=IMAGE(H59)
59,featured,NA,Warren,Davidson,"Congressman, United States House of Representatives",NA,https://assets-global.website-files.com/5eed34ac5a3c8e7fe48968bc/6052add8be12808e09fe5b45_B146B9A0-3C5C-4BEC-92EF-27E812775926.jpeg,=IMAGE(H60)
60,featured,NA,Wilfred,Daye,"CEO, Enigma Securities",NA,https://assets-global.website-files.com/5eed34ac5a3c8e7fe48968bc/60956505dd615614adf14c09_7D54C340-4038-4D1D-8A46-F376602B1207.png,=IMAGE(H61)
61,featured,NA,Alejandro,De La Torre,"VP, Poolin",NA,https://assets-global.website-files.com/5eed34ac5a3c8e7fe48968bc/606f32eef35f8eaab3aaca23_8E449F51-914E-4CE3-B966-C62F4463501B.jpeg,=IMAGE(H62)
62,featured,NA,Rockstar,Dev,"Developer, BTCPay Server & Zap",NA,https://assets-global.website-files.com/5eed34ac5a3c8e7fe48968bc/5eed34ad5a3c8ed60b89705c_RockstarDev.png,=IMAGE(H63)
63,featured,NA,Zach,Dexter,"CEO, LedgerX",NA,https://assets-global.website-files.com/5eed34ac5a3c8e7fe48968bc/6080f503c0920ee123b46a6f_A06DE3FD-E8D6-48EC-8739-BD37C8553E2B.jpeg,=IMAGE(H64)
64,featured,NA,Desiree,Dickerson,"VP of Business Operations, Lightning Labs | Co-Founder, MintGox",NA,https://assets-global.website-files.com/5eed34ac5a3c8e7fe48968bc/6021b7c07d55e0b49fbeb927_Dickerson%20Headshot.png,=IMAGE(H65)
65,featured,NA,Tim,Dillon,"Founder, Fake Business",NA,https://assets-global.website-files.com/5eed34ac5a3c8e7fe48968bc/60550109501f338c865442ad_450D0026-3A22-4641-A00F-EECDA6102D63.jpeg,=IMAGE(H66)
66,featured,NA,Tim,Draper,"Founder, DFJ",NA,https://assets-global.website-files.com/5eed34ac5a3c8e7fe48968bc/606df619449d975597e46cc5_8C0914A0-B8A2-4694-839E-00AA87655EC6.jpeg,=IMAGE(H67)
67,featured,NA,Joseph,Edwards,"Head of Research, Enigma Securities",NA,https://assets-global.website-files.com/5eed34ac5a3c8e7fe48968bc/609043fc8334cbf0c88519e9_6F6A0810-27ED-4DD5-A3AF-2473A51AFC68.jpeg,=IMAGE(H68)
68,featured,NA,Brian,Estes,"CIO & Managing Partner, Off The Chain Capital",NA,https://assets-global.website-files.com/5eed34ac5a3c8e7fe48968bc/60355301d9b4e2012db34b75_brian%20estes.jpg,=IMAGE(H69)
69,featured,NA,Edward,Evenson,"Director of Business Development, Slush Pool, Braiins",NA,https://assets-global.website-files.com/5eed34ac5a3c8e7fe48968bc/5eed34ad5a3c8e97c1897168_EdwardEvanson.jpg,=IMAGE(H70)
70,featured,NA,Amanda,Fabiano,"Head of Mining, Galaxy Digital",NA,https://assets-global.website-files.com/5eed34ac5a3c8e7fe48968bc/6021b9e5dd5d3b4b351bc002_Image%20from%20iOS%20(5)%20(1).jpg,=IMAGE(H71)
71,featured,NA,Hong,Fang,"CEO, Okcoin",NA,https://assets-global.website-files.com/5eed34ac5a3c8e7fe48968bc/604f7cd93289a30827e29c73_image.png,=IMAGE(H72)
72,featured,NA,Allen,Farrington,Independent Writer,NA,https://assets-global.website-files.com/5eed34ac5a3c8e7fe48968bc/605e47d3c66aeafd3afd93dc_B40361F8-7EF7-431C-B085-9BF42A422627.jpeg,=IMAGE(H73)
73,featured,NA,Bruce,Fenton,"Managing Director, Chainstone Labs",NA,https://assets-global.website-files.com/5eed34ac5a3c8e7fe48968bc/609b5058db69c7fb1116c112_2E928688-B029-42B1-BF2A-90F44E666C4A.jpeg,=IMAGE(H74)
74,featured,NA,Greg,Foss,"Executive Director - Strategic Initiatives, Validus Power Corp",NA,https://assets-global.website-files.com/5eed34ac5a3c8e7fe48968bc/608c67ac99e64f0c19faa1a6_849427A9-72A3-4671-BEE2-7E62A17ADABC.jpeg,=IMAGE(H75)
75,featured,NA,Joshua,Frank,"Co-Founder & CEO, The Tie",NA,https://assets-global.website-files.com/5eed34ac5a3c8e7fe48968bc/607f46542b9dc681434daa56_DEC5F7E1-82D0-4F51-8313-9C8D142BA22E.jpeg,=IMAGE(H76)
76,featured,NA,Tony,Gallippi,"Co-Founder, BitPay",NA,https://assets-global.website-files.com/5eed34ac5a3c8e7fe48968bc/606f341fa0efdb604219dfe6_CF7CB85B-391D-4DAE-8978-8222DA26E654.jpeg,=IMAGE(H77)
77,featured,NA,Irene,Gao,"Antminer BD Director, NCSA Region, Bitmain",NA,https://assets-global.website-files.com/5eed34ac5a3c8e7fe48968bc/60a6b93b3e4f9562e3daa483_291FA41B-D80E-4701-B74F-07E733E22D7B.jpeg,=IMAGE(H78)
78,featured,NA,Brandon,Gath,"Managing Partner, Kraken Ventures",NA,https://assets-global.website-files.com/5eed34ac5a3c8e7fe48968bc/6054ecf9f9351a17b3dbdc05_9A0D0EDB-8E4F-4F11-961C-EE4534BC2376.jpeg,=IMAGE(H79)
79,featured,NA,Brandon,Gath,"Managing Partner, Kraken Ventures",NA,https://assets-global.website-files.com/5eed34ac5a3c8e7fe48968bc/6054ecf9f9351a17b3dbdc05_9A0D0EDB-8E4F-4F11-961C-EE4534BC2376.jpeg,=IMAGE(H80)
80,featured,NA,Ryan,Gentry,"Business Development, Lightning Labs",NA,https://assets-global.website-files.com/5eed34ac5a3c8e7fe48968bc/608b892482a478f5b9c0464d_794FF9EE-2C20-4086-8AEE-ED368D8FAADE.jpeg,=IMAGE(H81)
81,featured,NA,Chris,Giancarlo,"Chairman Emeritus, US Commodity Futures Trading Commission",NA,https://assets-global.website-files.com/5eed34ac5a3c8e7fe48968bc/60949eeca6b80369b8546be3_BAE724F2-0F83-4D4F-BEE8-9351EDFFB1D6.jpeg,=IMAGE(H82)
82,featured,NA,Whit,Gibbs,"CEO, Compass Mining",NA,https://assets-global.website-files.com/5eed34ac5a3c8e7fe48968bc/606f5ef929e6cab893b4dff4_72294843-3541-4983-AD1D-6FDB7D15ED76.jpeg,=IMAGE(H83)
83,featured,NA,Alex,Gladstein,"Chief Strategy Officer, Human Rights Foundation",NA,https://assets-global.website-files.com/5eed34ac5a3c8e7fe48968bc/5eed34ad5a3c8ea4e3897017_AlexGladstein.jpg,=IMAGE(H84)
84,featured,NA,Anand,Gomes,"Co-Founder & CEO, Paradigm",NA,https://assets-global.website-files.com/5eed34ac5a3c8e7fe48968bc/60949db02c12367607c3f4e6_D6B3B934-3E8C-4618-8291-FDA1DEE1101A.png,=IMAGE(H85)
85,featured,NA,Mariana,Gospodinova,"General Manager, Europe, Crypto.com",NA,https://assets-global.website-files.com/5eed34ac5a3c8e7fe48968bc/6054f65b8edc66fb15672617_A73DCC6E-4749-4B60-87FB-777902FC10D8.jpeg,=IMAGE(H86)
86,featured,NA,Adrian,Grenier,"Co-Founder, DuContra Ventures",NA,https://assets-global.website-files.com/5eed34ac5a3c8e7fe48968bc/609b04e30af2ef4e86745f7c_2C61DA19-1362-4CD1-8F49-F2121780B615.jpeg,=IMAGE(H87)
87,featured,NA,Emiliano,Grodzki,"CEO, Bitfarms",NA,https://assets-global.website-files.com/5eed34ac5a3c8e7fe48968bc/607f4325ce0d81181446ac50_BDEA5F67-CD23-4722-A989-C16BC6AA272D.jpeg,=IMAGE(H88)
88,featured,NA,Diego,Gutiérrez-Zaldívar,"Co-founder, RSK",NA,https://assets-global.website-files.com/5eed34ac5a3c8e7fe48968bc/5eed34ac5a3c8e2ee78968cd_DiegoGutierrez.jpg,=IMAGE(H89)
89,featured,NA,Nick,Hansen,"CEO & Co-founder, Luxor",NA,https://assets-global.website-files.com/5eed34ac5a3c8e7fe48968bc/6021b91e6e79cfeb9f4f78c2_Headshot.png,=IMAGE(H90)
90,featured,NA,Dan,Held,"Growth Lead, Kraken",NA,https://assets-global.website-files.com/5eed34ac5a3c8e7fe48968bc/606dfff9bdf822f0d98c64ee_FEEB6ED6-58C7-4054-9DC7-C9409B61A6D4.png,=IMAGE(H91)
91,featured,NA,Stacy,Herbert,"Co-Host, Orange Pill Podcast & Keiser Report",NA,https://assets-global.website-files.com/5eed34ac5a3c8e7fe48968bc/605235b9f5cf3528953964b3_STACY-HERBERT-HEADSHOT.png,=IMAGE(H92)
92,featured,NA,James,Hilliard,"CTO, Sabra Labs",NA,https://assets-global.website-files.com/5eed34ac5a3c8e7fe48968bc/5eed34ad5a3c8e1941896fff_james-hilliard.jpg,=IMAGE(H93)
93,featured,NA,Guy,Hirsch,"US Managing Director, eToro",NA,https://assets-global.website-files.com/5eed34ac5a3c8e7fe48968bc/60a568711b79c485f3b37d91_D436DD32-F7F2-4FBD-87C8-63C440C9ACAE.jpeg,=IMAGE(H94)
94,featured,NA,Frank,Holmes,"CEO, Hive Blockchain",NA,https://assets-global.website-files.com/5eed34ac5a3c8e7fe48968bc/609352db9f9ba2304c26d573_A0FBF860-88FE-4CFC-B0C3-8F2FD0B852BA.jpeg,=IMAGE(H95)
95,featured,NA,Jeff,Horowitz,"Chief Compliance Officer, BitGo",NA,https://assets-global.website-files.com/5eed34ac5a3c8e7fe48968bc/60887e2d1d1023e71f8207a0_9FA82EFE-1139-4950-B613-A5152674DA5D.jpeg,=IMAGE(H96)
96,featured,NA,Derar,Islim,"COO, Genesis",NA,https://assets-global.website-files.com/5eed34ac5a3c8e7fe48968bc/6080f0e979acc032910197f3_22173C47-C3E9-4D9F-8A85-96717280A41D.jpeg,=IMAGE(H97)
97,featured,NA,Isaiah,Jackson,"Author, Bitcoin and Black America",NA,https://assets-global.website-files.com/5eed34ac5a3c8e7fe48968bc/5f724682e5bff4ec95bd310b_isaiah.JPG,=IMAGE(H98)
98,featured,NA,Jamal,James,"Lead Frontend Engineer, Lightning Labs",NA,https://assets-global.website-files.com/5eed34ac5a3c8e7fe48968bc/6058e1845693a248fed5df23_1E66FEBE-43E3-45E3-92A7-42D8ED3A82A0.jpeg,=IMAGE(H99)
99,featured,NA,Mason,Jappa,"CEO, Blockware Solutions",NA,https://assets-global.website-files.com/5eed34ac5a3c8e7fe48968bc/603e7e79cc4eaa10e364e18d_Mason%2BHeadshot%20(1).jpg,=IMAGE(H100)
100,featured,NA,Alice Marie,Johnson,"CEO, Taking Action for Good",NA,https://assets-global.website-files.com/5eed34ac5a3c8e7fe48968bc/609b50f6946ae4b3455b584e_A92AFCB6-BD0B-40F9-98C6-53131684F4F4.jpeg,=IMAGE(H101)
101,featured,NA,Max,Keiser,"Co-Host, Orange Pill Podcast & Keiser Report",NA,https://assets-global.website-files.com/5eed34ac5a3c8e7fe48968bc/605235946e99a8a8231eada8_Screen%20Shot%202021-03-17%20at%2011.59.53%20AM.png,=IMAGE(H102)
102,featured,NA,Jeff,Kilburg,"Partner at Valkyrie, CIO of Sanctuary Wealth",NA,https://assets-global.website-files.com/5eed34ac5a3c8e7fe48968bc/60a1cc00613973458cd6c209_1E6BACF5-328E-49D7-AE52-ED3326CB6489.jpeg,=IMAGE(H103)
103,featured,NA,Alyse,Killeen,"Founder & Managing Partner, Stillmark",NA,https://assets-global.website-files.com/5eed34ac5a3c8e7fe48968bc/60936c5db91a197bd7bd011e_9B961488-5ED7-45E5-B8B9-777F40C89F49.jpeg,=IMAGE(H104)
104,featured,NA,Mike,Kirillov,"Unbank Yourself, Hito Wallet",NA,https://assets-global.website-files.com/5eed34ac5a3c8e7fe48968bc/6074939b38750a366055aef4_2463DED4-4CA6-4FCE-8A06-3032084CCCBC.jpeg,=IMAGE(H105)
105,featured,NA,Cory,Klippsten,"CEO, Swan Bitcoin",NA,https://assets-global.website-files.com/5eed34ac5a3c8e7fe48968bc/5eed34ad5a3c8e805f897050_CoryKlippsten.jpeg,=IMAGE(H106)
106,featured,NA,Sergej,Kotliar,"Founder & CEO, Bitrefill",NA,https://assets-global.website-files.com/5eed34ac5a3c8e7fe48968bc/5eed34ad5a3c8e46e1897195_SergejKotliar.jpg,=IMAGE(H107)
107,featured,NA,Graham,Krizek,"CEO, Voltage",NA,https://assets-global.website-files.com/5eed34ac5a3c8e7fe48968bc/60770f820c3c661e5ffb07ff_E2C85034-CC52-43F2-95CD-6608555D6070.jpeg,=IMAGE(H108)
108,featured,NA,Oswaldo,Lairet,"Founder & CEO, Sequoian.com and PPX.ai",NA,https://assets-global.website-files.com/5eed34ac5a3c8e7fe48968bc/6052345aa7c687a419085666_Oswaldo%20Lairet%202020-.jpg,=IMAGE(H109)
109,featured,NA,Christian,Langalis,TLON,NA,https://assets-global.website-files.com/5eed34ac5a3c8e7fe48968bc/605381ab59e38c9e7f200751_CE6140BD-FFA3-4BF8-9EA0-B01E17266B1D.png,=IMAGE(H110)
110,featured,NA,Thibaut,Le Guilly,"Technical Lead, Crypto Garage",NA,https://assets-global.website-files.com/5eed34ac5a3c8e7fe48968bc/605231caa7ad19275b62fa63_DSC_2439%20(1).jpg,=IMAGE(H111)
111,featured,NA,Steve,Lee,"Product Director, Square Crypto",NA,https://assets-global.website-files.com/5eed34ac5a3c8e7fe48968bc/5eed34ad5a3c8ef72c896f76_SteveLee.jpg,=IMAGE(H112)
112,featured,NA,Nimrod,Lehavi,"Co-founder and CEO, Simplex",NA,https://assets-global.website-files.com/5eed34ac5a3c8e7fe48968bc/607f50162cc706812fc52c37_Nimrod%20Lehavi%2C%20CEO%20Simplex.jpg,=IMAGE(H113)
113,featured,NA,Hailey,Lennon,"Partner, Anderson Kill Law Firm",NA,https://assets-global.website-files.com/5eed34ac5a3c8e7fe48968bc/5eed34ac5a3c8e60218969e5_HaileyLennon.jpeg,=IMAGE(H114)
114,featured,NA,Tracy,Leparulo,"Head of Marketing, Zytara",NA,https://assets-global.website-files.com/5eed34ac5a3c8e7fe48968bc/60aa716ff4b70123f81c1ecf_Tracy%20Leparulo%20Headshot1.jpg,=IMAGE(H115)
115,featured,NA,Jason,Les,"CEO, Riot Blockchain",NA,https://assets-global.website-files.com/5eed34ac5a3c8e7fe48968bc/6093520e9d6d8862c875d5b1_D8AD5D48-365C-420C-B02F-7E2D74F11288.jpeg,=IMAGE(H116)
116,featured,NA,Parker,Lewis,"Head of Business Development, Unchained Capital",NA,https://assets-global.website-files.com/5eed34ac5a3c8e7fe48968bc/5eed34ad5a3c8e040f89704c_ParkerLewis.jpg,=IMAGE(H117)
117,featured,NA,Larry,Li,Advisor of SAI,NA,https://assets-global.website-files.com/5eed34ac5a3c8e7fe48968bc/60ae9960d893a4031c368a06_Picture1.png,=IMAGE(H118)
118,featured,NA,Kevin,Loaec,"CEO & Co-founder, Revault",NA,https://assets-global.website-files.com/5eed34ac5a3c8e7fe48968bc/6058e7d477317a597b712ef7_693D8014-F210-4014-81B3-1A8B55391C4B.png,=IMAGE(H119)
119,featured,NA,Chase,Lochmiller,"CEO & Co-Founder, Crusoe Energy",NA,https://assets-global.website-files.com/5eed34ac5a3c8e7fe48968bc/606f6029f6ed1da00ac2568c_E09BB060-3C88-438A-8CA1-4CEE4DE03539.jpeg,=IMAGE(H120)
120,featured,NA,Trey,Lockerbie,"Host, We Study Billionaires Podcast",NA,https://assets-global.website-files.com/5eed34ac5a3c8e7fe48968bc/6052a5d87d57d22d01a3f184_9A02A1A9-55D8-4643-A040-2DB84D77E2CF.jpeg,=IMAGE(H121)
121,featured,NA,Caitlin,Long,"Co-Founder & CEO, Avanti",NA,https://assets-global.website-files.com/5eed34ac5a3c8e7fe48968bc/5eed34ad5a3c8e92e589705a_CaitlinLong.png,=IMAGE(H122)
122,featured,NA,Ryan,Louvar,"General Counsel, WisdomTree",NA,https://assets-global.website-files.com/5eed34ac5a3c8e7fe48968bc/6080ee07267dae81f8a5d59c_2F5CD3C3-F181-4F7C-B4E2-0619C240FA06.jpeg,=IMAGE(H123)
123,featured,NA,Alejandro,Machado,"Co-Founder, Open Money Initiative",NA,https://assets-global.website-files.com/5eed34ac5a3c8e7fe48968bc/609b058ccc822a6d36c0d521_864A5398-87C3-4BD5-87E6-643ADE8FAAF7.jpeg,=IMAGE(H124)
124,featured,NA,Jack,Mallers,"Founder, Zap",NA,https://assets-global.website-files.com/5eed34ac5a3c8e7fe48968bc/5f60da1ee325426ee4ecfcc6_IMG_0252.JPG,=IMAGE(H125)
125,featured,NA,Alex,Mashinsky,"CEO, Celsius Network",NA,https://assets-global.website-files.com/5eed34ac5a3c8e7fe48968bc/5eed34ad5a3c8eaa39896faa_AlexHeadshot.jpg,=IMAGE(H126)
126,featured,NA,Steven,McClurg,"Chief Investment Officer, Valkyrie",NA,https://assets-global.website-files.com/5eed34ac5a3c8e7fe48968bc/60b00d1d0ec9194f2c9f98e0_image%20(8).png,=IMAGE(H127)
127,featured,NA,Peter,McCormack,"Host, What Bitcoin Did",NA,https://assets-global.website-files.com/5eed34ac5a3c8e7fe48968bc/5eed34ad5a3c8e06c0897043_PeterMcCormack.png,=IMAGE(H128)
128,featured,NA,David,Mercer,"CEO, LMAX Group",NA,https://assets-global.website-files.com/5eed34ac5a3c8e7fe48968bc/607eef1daaf33e5a9a454c09_David-Mercer.png,=IMAGE(H129)
129,featured,NA,Kalin,Metodiev,CFA - Co-founder and Managing Partner at Nexo,NA,https://assets-global.website-files.com/5eed34ac5a3c8e7fe48968bc/60b129f81fe6532212ebf5a1_KM%20(1).jpeg,=IMAGE(H130)
130,featured,NA,Diogo,Mónica,"Co-Founder & President, Anchorage",NA,https://assets-global.website-files.com/5eed34ac5a3c8e7fe48968bc/607f4e867ed360246ef591e6_2B6978B4-9639-45AE-8D42-7BD2AC81AA22.jpeg,=IMAGE(H131)
131,featured,NA,Pavel,Moravec,"Co-Founder, Braiins / Slushpool",NA,https://assets-global.website-files.com/5eed34ac5a3c8e7fe48968bc/609b53b0d6d3a1bf0207802e_09336397-E610-4333-A7B1-56986E89D6D2.jpeg,=IMAGE(H132)
132,featured,NA,Brian,Murray,"Managing Director, Craft Ventures",NA,https://assets-global.website-files.com/5eed34ac5a3c8e7fe48968bc/605b92a3453ae50caab8bfbb_92BF3036-3380-4BF3-B114-C709977DEE89.jpeg,=IMAGE(H133)
133,featured,NA,Lawrence,Nahum,"Chief Architect, Blockstream",NA,https://assets-global.website-files.com/5eed34ac5a3c8e7fe48968bc/6058e0a345d39a567158372a_8E89EAE8-39EE-4281-AA60-E46AF2FFFAC0.jpeg,=IMAGE(H134)
134,featured,NA,Lisa,Neigut,"Lightning Developer, Blockstream",NA,https://assets-global.website-files.com/5eed34ac5a3c8e7fe48968bc/6064d85bfc4452003ca5d48c_E3FD7C59-B65C-4778-A316-E967E973D7E0.jpeg,=IMAGE(H135)
135,featured,NA,Nick,Neuman,"CEO & Co-founder, Casa",NA,https://assets-global.website-files.com/5eed34ac5a3c8e7fe48968bc/603e7efa706e477f388f2a09_neuman-headshot-square.jpeg,=IMAGE(H136)
136,featured,NA,Mike,Novogratz,CEO of Galaxy Investment Partners,NA,https://assets-global.website-files.com/5eed34ac5a3c8e7fe48968bc/605236bc93e92afd374874b1_Novogratz%2C%20Michael%20-%20Headshot%201%20-%20November%202019.jpg,=IMAGE(H137)
137,featured,NA,Lucas,Nuzzi,"Network Data PM, Coin Metrics",NA,https://assets-global.website-files.com/5eed34ac5a3c8e7fe48968bc/6078c12f3258119d79835bbf_B1EB2989-5D3F-4648-BC6A-A5118FD0BF79.jpeg,=IMAGE(H138)
138,featured,NA,Matt,Odell,Bitcoin & Privacy Advocate,NA,https://assets-global.website-files.com/5eed34ac5a3c8e7fe48968bc/5eed34ad5a3c8ed133897026_Matt%20Odell.jpeg,=IMAGE(H139)
139,featured,NA,Olaoluwa,Osuntokun,"CTO, Lightning Labs",NA,https://assets-global.website-files.com/5eed34ac5a3c8e7fe48968bc/6064d7f264317d860fe73c1d_10EDB708-81B4-4E82-8264-0248767BA9E6.jpeg,=IMAGE(H140)
140,featured,NA,Dave,Perrill,"CEO & Founder, Compute North",NA,https://assets-global.website-files.com/5eed34ac5a3c8e7fe48968bc/607f2a875e6adb8f58108a3d_DDFE0FAC-B419-45C1-A911-1C5E78C0B237.jpeg,=IMAGE(H141)
141,featured,NA,Ben,Perrin,"Host, BTC Sessions",NA,https://assets-global.website-files.com/5eed34ac5a3c8e7fe48968bc/6078bef3ec945d9132ae0d04_668B5453-49D5-4619-ADF3-19C735AEC532.jpeg,=IMAGE(H142)
142,featured,NA,Andrew,Poelstra,"Director of Research, Blockstream",NA,https://assets-global.website-files.com/5eed34ac5a3c8e7fe48968bc/5eed34ad5a3c8e40c3896b6e_andrew%20poelestra.png,=IMAGE(H143)
143,featured,NA,Anthony,Pompliano,"Founder & Partner, Morgan Creek Digital",NA,https://assets-global.website-files.com/5eed34ac5a3c8e7fe48968bc/5eed34ad5a3c8e15f8896aa0_Anthony%20Pompliano.jpg,=IMAGE(H144)
144,featured,NA,Francis,Pouliot,"CEO, Bull Bitcoin",NA,https://assets-global.website-files.com/5eed34ac5a3c8e7fe48968bc/6061ed639c1b34ede126d104_CFAF2C01-F396-4769-8948-70B744AE39CF.jpeg,=IMAGE(H145)
145,featured,NA,Ben,Prentice,"Co-Founder, WTF Happened in 1971",NA,https://assets-global.website-files.com/5eed34ac5a3c8e7fe48968bc/609b03a4bf40a6f2df1ff7a5_5CEDB3E5-7C49-4985-A166-1ED4B1CBBF93.jpeg,=IMAGE(H146)
146,featured,NA,Ben,Price,,NA,https://assets-global.website-files.com/5eed34ac5a3c8e7fe48968bc/609b52a0ca61bc0455fdf81c_CF2ED567-FA27-40DD-BD4B-1482ADDF0B17.jpeg,=IMAGE(H147)
147,featured,NA,Jesse,Proudman,"CEO & Co-Founder, Makara",NA,https://assets-global.website-files.com/5eed34ac5a3c8e7fe48968bc/60936b970184be0cbfe30817_9FB20E7C-428D-4EDB-A482-AEB889200F71.jpeg,=IMAGE(H148)
148,featured,NA,Scott,Purcell,"Founder & CEO, PrimeTrust",NA,https://assets-global.website-files.com/5eed34ac5a3c8e7fe48968bc/6093500734dafc47c299a41a_D7BC1D2B-9AF8-41D7-B8CE-8A50F4666495.jpeg,=IMAGE(H149)
149,featured,NA,James,Putra,"VP of Product Strategy, TradeStation",NA,https://assets-global.website-files.com/5eed34ac5a3c8e7fe48968bc/60a1cbae845233eddb570646_8763BFD3-FD5F-442C-B793-43EAB3893E26.jpeg,=IMAGE(H150)
150,featured,NA,Preston,Pysh,"Co-Founder, The Investors Podcast Network",NA,https://assets-global.website-files.com/5eed34ac5a3c8e7fe48968bc/6052a6ae9be710e5fe4052d1_D0831F40-ECC6-4958-9C67-F65BAB98055E.jpeg,=IMAGE(H151)
151,featured,NA,Will,Reeves,"CEO, Fold",NA,https://assets-global.website-files.com/5eed34ac5a3c8e7fe48968bc/6078c1a4202b1d34b93177ff_19D79E1A-FD9B-4F6B-9138-AEE41EADB885.jpeg,=IMAGE(H152)
152,featured,NA,Justin,Rezvani,"Founder, N2N2",NA,https://assets-global.website-files.com/5eed34ac5a3c8e7fe48968bc/6093508dfc478a17f3fe1fb0_A9D32057-0D02-4896-8BC7-0D369480A2CC.jpeg,=IMAGE(H153)
153,featured,NA,Pete,Rizzo,"Editor, Bitcoin Magazine",NA,https://assets-global.website-files.com/5eed34ac5a3c8e7fe48968bc/5eed34ad5a3c8e3e8389713b_PeteRizzo.jpg,=IMAGE(H154)
154,featured,NA,Carlos,Roldan,"Founder & CEO, Satoshi's Games",NA,https://assets-global.website-files.com/5eed34ac5a3c8e7fe48968bc/5eed34ad5a3c8e14b6897170_CarlosRoldan.JPG,=IMAGE(H155)
155,featured,NA,Hector,Rosekrans,"Director of Client Services, Casa",NA,https://assets-global.website-files.com/5eed34ac5a3c8e7fe48968bc/608c66a8d94cb17cd98b5852_CFE350CA-4FED-4E65-9258-D047A279ADB2.jpeg,=IMAGE(H156)
156,featured,NA,Rich,Rosenblum,"Co-Founder & President, GSR",NA,https://assets-global.website-files.com/5eed34ac5a3c8e7fe48968bc/6080ef708455b95bf40ec39e_F4BA053B-BDC9-435C-B9FA-13AD6D2066E7.jpeg,=IMAGE(H157)
157,featured,NA,Matthew,Roszak,"Chairman, Bloq",NA,https://assets-global.website-files.com/5eed34ac5a3c8e7fe48968bc/60b1348b008b346b0eb66fd0_Matthew%20Roszak%20(high%20res).jpg,=IMAGE(H158)
158,featured,NA,Jeremy,Rubin,"Independent Researcher, utxos.org",NA,https://assets-global.website-files.com/5eed34ac5a3c8e7fe48968bc/5eed34ad5a3c8e73cd896fbe_jeremyrubin.jpeg,=IMAGE(H159)
159,featured,NA,Marco,Santori,"Chief Legal Officer, Kraken",NA,https://assets-global.website-files.com/5eed34ac5a3c8e7fe48968bc/60870b8f38af95bbff385390_EF37EAD4-9282-4D2E-B5B4-143BA1F84677.png,=IMAGE(H160)
160,featured,NA,Justin,Schmidt,"Head of Strategy, Talos",NA,https://assets-global.website-files.com/5eed34ac5a3c8e7fe48968bc/608b852b2c04627326362c50_710F15A4-D447-45E7-B6CE-400EE8B3F33F.png,=IMAGE(H161)
161,featured,NA,Mike,Schmidt,"Co-Founder, Brink",NA,https://assets-global.website-files.com/5eed34ac5a3c8e7fe48968bc/6078bfdc202b1d17722fb548_94BEDCE9-CAAF-4E03-8B8D-BBF9E61FF89A.jpeg,=IMAGE(H162)
162,featured,NA,Ghazi,Shami,"CEO & Founder, Empire Distribution, Records and Publishing Inc.",NA,https://assets-global.website-files.com/5eed34ac5a3c8e7fe48968bc/6080f966578e9f102d41703d_32D017F8-61F5-491A-BE82-9BA6C0BE17A4.jpeg,=IMAGE(H163)
163,featured,NA,Nishant,Sharma,"Founder & Partner, BlocksBridge Consulting",NA,https://assets-global.website-files.com/5eed34ac5a3c8e7fe48968bc/606f34a294fbfd1db445a914_AB2C6FC2-D881-4DB7-A20C-326409236974.jpeg,=IMAGE(H164)
164,featured,NA,Charlie,Shrem,"Host, Untold Stories",NA,https://assets-global.website-files.com/5eed34ac5a3c8e7fe48968bc/5f60d9ea5f737e7c1f7c698e_Charlie%20Shrem%201.png,=IMAGE(H165)
165,featured,NA,Peter,Smith,"CEO & Co-Founder, Blockchain.com",NA,https://assets-global.website-files.com/5eed34ac5a3c8e7fe48968bc/60a4145baaa4e20719786c0d_40521_Blockchain_S3_0971.jpg,=IMAGE(H166)
166,featured,NA,Boaz,Sobrado,"Founder, WhyNotCuba.com",NA,https://assets-global.website-files.com/5eed34ac5a3c8e7fe48968bc/60949774a6b803854652ac40_90B405CA-298F-4BF6-AD78-746C5B4F1DF2.jpeg,=IMAGE(H167)
167,featured,NA,Jimmy,Song,"Instructor, Programming Blockchain",NA,https://assets-global.website-files.com/5eed34ac5a3c8e7fe48968bc/5eed34ac5a3c8edce78968c5_JimmySong.jpeg,=IMAGE(H168)
168,featured,NA,Ivan,Soto-Wright,"CEO & Co-Founder, Moonpay",NA,https://assets-global.website-files.com/5eed34ac5a3c8e7fe48968bc/60621047901d4d37a69dfed3_2011A67D-7907-45DC-9410-7111CA279CD4.jpeg,=IMAGE(H169)
169,featured,NA,Elizabeth,Stark,"CEO, Lightning Labs",NA,https://assets-global.website-files.com/5eed34ac5a3c8e7fe48968bc/60a6b9ae20770df3a627cb70_671718B8-B1A0-4A04-B221-F8B9AC83657B.jpeg,=IMAGE(H170)
170,featured,NA,Allan,Stevo,"Author, The Bitcoin Manifesto",NA,https://assets-global.website-files.com/5eed34ac5a3c8e7fe48968bc/605b9583a2c888d62f62636b_D0880B98-AE92-4B74-82E7-59FC94893E56.png,=IMAGE(H171)
171,featured,NA,Mayor Francis,Suarez,Mayor of the City of Miami,NA,https://assets-global.website-files.com/5eed34ac5a3c8e7fe48968bc/6037eb3827088b3261059dd8_Mayor-Suarez.jpg,=IMAGE(H172)
172,featured,NA,Harry,Sudock,"VP, Strategy, GRIID Infrastructure",NA,https://assets-global.website-files.com/5eed34ac5a3c8e7fe48968bc/607f2c1aa221f34080108ea2_104615A5-3943-43DC-B498-7AA0EE6A4B49.jpeg,=IMAGE(H173)
173,featured,NA,Colleen,Sullivan,"Partner & CEO, CMT Digital Holdings",NA,https://assets-global.website-files.com/5eed34ac5a3c8e7fe48968bc/5f60d9fdfaeeca6e2f18b092_ColleenSullivanHeadshot.jpg,=IMAGE(H174)
174,featured,NA,Aleksandar,Svetski,"CEO, Amber",NA,https://assets-global.website-files.com/5eed34ac5a3c8e7fe48968bc/60937038731e8e2b7670c127_C5A2906D-BAE0-42A6-986D-CBDDA69C6668.jpeg,=IMAGE(H175)
175,featured,NA,Guy,Swann,"Host, Bitcoin Audible",NA,https://assets-global.website-files.com/5eed34ac5a3c8e7fe48968bc/607f373cf00479c561a83464_4544AC32-13DE-4DB1-913E-5BA650515BBF.jpeg,=IMAGE(H176)
176,featured,NA,Paul,Sztorc,Independent Bitcoiner,NA,https://assets-global.website-files.com/5eed34ac5a3c8e7fe48968bc/6078c473202b1d222533fce5_E173D32A-1CAD-4503-B663-40401A4EC875.jpeg,=IMAGE(H177)
177,featured,NA,Shiliang,Tang,"CIO, LedgerPrime",NA,https://assets-global.website-files.com/5eed34ac5a3c8e7fe48968bc/608301e5aad3ae99d3a97b81_F7F2420D-A1DA-4CF6-9964-E7F723383146.jpeg,=IMAGE(H178)
178,featured,NA,Salvatore,Ternullo,Partner at Warburg Serres Investments,NA,https://assets-global.website-files.com/5eed34ac5a3c8e7fe48968bc/608c4fe5a7c4b41a7c2ccf8d_C8CBACF6-FDB9-4A50-94DF-2D8564404D76.jpeg,=IMAGE(H179)
179,featured,NA,Fred,Thiel,"CEO, Marathon Digital Holdings",NA,https://assets-global.website-files.com/5eed34ac5a3c8e7fe48968bc/60935174652f63a12553ecdf_CCA0B796-C268-46E5-A97D-843AB070B209.jpeg,=IMAGE(H180)
180,featured,NA,Annemarie,Tierney,"Senior Strategic Advisor, Chamber of Digital Commerce",NA,https://assets-global.website-files.com/5eed34ac5a3c8e7fe48968bc/6052a811be12804481f86854_6E739DCD-34FD-41B7-B9F2-4F4E7C704344.jpeg,=IMAGE(H181)
181,featured,NA,Annemarie,Tierney,"Senior Strategic Advisor, Chamber of Digital Commerce",NA,https://assets-global.website-files.com/5eed34ac5a3c8e7fe48968bc/6052a811be12804481f86854_6E739DCD-34FD-41B7-B9F2-4F4E7C704344.jpeg,=IMAGE(H182)
182,featured,NA,Peter,Todd,Applied Cryptography Consultant,NA,https://assets-global.website-files.com/5eed34ac5a3c8e7fe48968bc/5eed34ad5a3c8e4c87897176_Peter%20Todd.jpg,=IMAGE(H183)
183,featured,NA,Jason,Urban,"Global Head of Trading, Galaxy Digital",NA,https://assets-global.website-files.com/5eed34ac5a3c8e7fe48968bc/609b5231517d6f34ef91d6e3_C3121266-6CA2-4C19-BD6D-F8AA495325F9.jpeg,=IMAGE(H184)
184,featured,NA,John,Vallis,"Host, Bitcoin Rapid-Fire",NA,https://assets-global.website-files.com/5eed34ac5a3c8e7fe48968bc/60624deb253050725c1cc66d_15D9D0AB-FE7C-43FD-BF2C-4C13C4DC6AA7.jpeg,=IMAGE(H185)
185,featured,NA,Aaron,van Wirdum,"Technical Editor, Bitcoin Magazine",NA,https://assets-global.website-files.com/5eed34ac5a3c8e7fe48968bc/5eed34ad5a3c8ed6d7897016_AaronvanWirdum.jpg,=IMAGE(H186)
186,featured,NA,Paul,Veradittakit,"Partner, Pantera Capital",NA,https://assets-global.website-files.com/5eed34ac5a3c8e7fe48968bc/6078c522325811481284c8be_A0E509E4-D420-48D2-978E-20D8B43779BC.jpeg,=IMAGE(H187)
187,featured,NA,Erik,Voorhees,"CEO, ShapeShift",NA,https://assets-global.website-files.com/5eed34ac5a3c8e7fe48968bc/605385b04988e7ea854d085f_A7A84518-0A15-432B-A9A7-76EA399A3BDF.jpeg,=IMAGE(H188)
188,featured,NA,Don,Wilson,"Founder & CEO, DRW",NA,https://assets-global.website-files.com/5eed34ac5a3c8e7fe48968bc/6052ae977d663643ea383c01_93383DC2-27E4-4321-93C9-B2B9D112D6BD.jpeg,=IMAGE(H189)
189,featured,NA,Lamar,Wilson,"Founder, Black Bitcoin Billionaires Club & Sunjoined.com",NA,https://assets-global.website-files.com/5eed34ac5a3c8e7fe48968bc/60620eb389bdad6e821983fd_663778FF-418B-420E-993F-A7E40CDA9B1C.png,=IMAGE(H190)
190,featured,NA,Cameron & Tyler,Winklevoss,"Co-Founders, Gemini",NA,https://assets-global.website-files.com/5eed34ac5a3c8e7fe48968bc/607f41f6d68f516474177619_72C19439-939D-40C3-AB0E-25D15A467185.jpeg,=IMAGE(H191)
191,featured,NA,Edan,Yago,"Early Contributor, Sovryn",NA,https://assets-global.website-files.com/5eed34ac5a3c8e7fe48968bc/609b52fef0e04995562e18fa_FABF5E52-826D-435B-9BEE-9DEB295395C7.jpeg,=IMAGE(H192)
192,featured,NA,Ray,Youssef,"Co-Founder & CEO, Paxful",NA,https://assets-global.website-files.com/5eed34ac5a3c8e7fe48968bc/602d7bfb4a228aea8a9d5cbc_Ray%20Youssef%20Co-founder%20CEO%20Paxful%20Headshot.jpg,=IMAGE(H193)
193,featured,NA,Mark,Yusko,"CEO and CIO Morgan Creek Capital Management, Managing Partner, Morgan Creek Digital Assets",NA,https://assets-global.website-files.com/5eed34ac5a3c8e7fe48968bc/5eed34ad5a3c8e537f89716e_MarkYusko.jpg,=IMAGE(H194)
194,featured,NA,Kevin,Zhang,"VP of Business Development, Foundry",NA,https://assets-global.website-files.com/5eed34ac5a3c8e7fe48968bc/60a1ca4710ef6c14feff02d4_PNG%20image.png,=IMAGE(H195)
195,featured,NA,Nico,ZM,"Co-Host of Simply Bitcoin, CEO of Bitvolt",NA,https://assets-global.website-files.com/5eed34ac5a3c8e7fe48968bc/609044712c00cd5777a0806a_E4517742-FAA4-45A5-B4E3-ED41D9E423B8.jpeg,=IMAGE(H196)
